<metadata xml:lang="en"><Esri><CreaDate>20250501</CreaDate><CreaTime>12402100</CreaTime><ArcGISFormat>1.0</ArcGISFormat><SyncOnce>FALSE</SyncOnce><DataProperties><itemProps><itemName Sync="TRUE">Franklin Park and GHI_Block_2020</itemName><imsContentType Sync="TRUE">002</imsContentType><itemSize Sync="TRUE">0.000</itemSize><itemLocation><linkage Sync="TRUE">file://\\KHOADO\C$\Users\khoad\OneDrive\Documents\ArcGIS\Projects\khoanhap\Franklin Park and GHI_Block_2020.shp</linkage><protocol Sync="TRUE">Local Area Network</protocol></itemLocation></itemProps><coordRef><type Sync="TRUE">Geographic</type><geogcsn Sync="TRUE">GCS_North_American_1983</geogcsn><csUnits Sync="TRUE">Angular Unit: Degree (0.017453)</csUnits><peXml Sync="TRUE">&lt;GeographicCoordinateSystem xsi:type='typens:GeographicCoordinateSystem' xmlns:xsi='http://www.w3.org/2001/XMLSchema-instance' xmlns:xs='http://www.w3.org/2001/XMLSchema' xmlns:typens='http://www.esri.com/schemas/ArcGIS/3.4.0'&gt;&lt;WKT&gt;GEOGCS[&amp;quot;GCS_North_American_1983&amp;quot;,DATUM[&amp;quot;D_North_American_1983&amp;quot;,SPHEROID[&amp;quot;GRS_1980&amp;quot;,6378137.0,298.257222101]],PRIMEM[&amp;quot;Greenwich&amp;quot;,0.0],UNIT[&amp;quot;Degree&amp;quot;,0.0174532925199433],AUTHORITY[&amp;quot;EPSG&amp;quot;,4269]]&lt;/WKT&gt;&lt;XOrigin&gt;-400&lt;/XOrigin&gt;&lt;YOrigin&gt;-400&lt;/YOrigin&gt;&lt;XYScale&gt;11258999068426.238&lt;/XYScale&gt;&lt;ZOrigin&gt;-100000&lt;/ZOrigin&gt;&lt;ZScale&gt;10000&lt;/ZScale&gt;&lt;MOrigin&gt;-100000&lt;/MOrigin&gt;&lt;MScale&gt;10000&lt;/MScale&gt;&lt;XYTolerance&gt;8.983152841195215e-09&lt;/XYTolerance&gt;&lt;ZTolerance&gt;0.001&lt;/ZTolerance&gt;&lt;MTolerance&gt;0.001&lt;/MTolerance&gt;&lt;HighPrecision&gt;true&lt;/HighPrecision&gt;&lt;LeftLongitude&gt;-180&lt;/LeftLongitude&gt;&lt;WKID&gt;4269&lt;/WKID&gt;&lt;LatestWKID&gt;4269&lt;/LatestWKID&gt;&lt;/GeographicCoordinateSystem&gt;</peXml></coordRef><lineage><Process ToolSource="c:\program files\arcgis\pro\Resources\ArcToolbox\toolboxes\Conversion Tools.tbx\ExportFeatures" Date="20250501" Time="124021">ExportFeatures tl_rd22_24_tabblock20 "C:\Users\khoad\OneDrive\Documents\ArcGIS\Projects\khoanhap\Franklin Park and GHI.shp" # NOT_USE_ALIAS "STATEFP20 "STATEFP20" true true false 2 Text 0 0,First,#,tl_rd22_24_tabblock20,STATEFP20,0,1;COUNTYFP20 "COUNTYFP20" true true false 3 Text 0 0,First,#,tl_rd22_24_tabblock20,COUNTYFP20,0,2;TRACTCE20 "TRACTCE20" true true false 6 Text 0 0,First,#,tl_rd22_24_tabblock20,TRACTCE20,0,5;BLOCKCE20 "BLOCKCE20" true true false 4 Text 0 0,First,#,tl_rd22_24_tabblock20,BLOCKCE20,0,3;GEOID20 "GEOID20" true true false 15 Text 0 0,First,#,tl_rd22_24_tabblock20,GEOID20,0,14;NAME20 "NAME20" true true false 10 Text 0 0,First,#,tl_rd22_24_tabblock20,NAME20,0,9;MTFCC20 "MTFCC20" true true false 5 Text 0 0,First,#,tl_rd22_24_tabblock20,MTFCC20,0,4;UR20 "UR20" true true false 5 Text 0 0,First,#,tl_rd22_24_tabblock20,UR20,0,4;UACE20 "UACE20" true true false 5 Text 0 0,First,#,tl_rd22_24_tabblock20,UACE20,0,4;UATYPE20 "UATYPE20" true true false 5 Text 0 0,First,#,tl_rd22_24_tabblock20,UATYPE20,0,4;FUNCSTAT20 "FUNCSTAT20" true true false 1 Text 0 0,First,#,tl_rd22_24_tabblock20,FUNCSTAT20,0,0;ALAND20 "ALAND20" true true false 14 Double 0 14,First,#,tl_rd22_24_tabblock20,ALAND20,-1,-1;AWATER20 "AWATER20" true true false 14 Double 0 14,First,#,tl_rd22_24_tabblock20,AWATER20,-1,-1;INTPTLAT20 "INTPTLAT20" true true false 11 Text 0 0,First,#,tl_rd22_24_tabblock20,INTPTLAT20,0,10;INTPTLON20 "INTPTLON20" true true false 12 Text 0 0,First,#,tl_rd22_24_tabblock20,INTPTLON20,0,11;HOUSING20 "HOUSING20" true true false 12 Double 0 12,First,#,tl_rd22_24_tabblock20,HOUSING20,-1,-1;POP20 "POP20" true true false 12 Double 0 12,First,#,tl_rd22_24_tabblock20,POP20,-1,-1" #</Process><Process ToolSource="c:\program files\arcgis\pro\Resources\ArcToolbox\toolboxes\Conversion Tools.tbx\ExportFeatures" Date="20250513" Time="221838">ExportFeatures "Franklin Park and GHI" C:\Users\khoad\OneDrive\Documents\ArcGIS\Projects\khoanhap\khoanhap.gdb\FranklinParkandGHI_ExportFeatures3 # NOT_USE_ALIAS "STATEFP20 "STATEFP20" true true false 2 Text 0 0,First,#,Franklin Park and GHI,Franklin Park and GHI.STATEFP20,0,1;COUNTYFP20 "COUNTYFP20" true true false 3 Text 0 0,First,#,Franklin Park and GHI,Franklin Park and GHI.COUNTYFP20,0,2;TRACTCE20 "TRACTCE20" true true false 6 Text 0 0,First,#,Franklin Park and GHI,Franklin Park and GHI.TRACTCE20,0,5;BLOCKCE20 "BLOCKCE20" true true false 4 Text 0 0,First,#,Franklin Park and GHI,Franklin Park and GHI.BLOCKCE20,0,3;GEOID20 "GEOID20" true true false 15 Text 0 0,First,#,Franklin Park and GHI,Franklin Park and GHI.GEOID20,0,14;NAME20 "NAME20" true true false 10 Text 0 0,First,#,Franklin Park and GHI,Franklin Park and GHI.NAME20,0,9;MTFCC20 "MTFCC20" true true false 5 Text 0 0,First,#,Franklin Park and GHI,Franklin Park and GHI.MTFCC20,0,4;UR20 "UR20" true true false 5 Text 0 0,First,#,Franklin Park and GHI,Franklin Park and GHI.UR20,0,4;UACE20 "UACE20" true true false 5 Text 0 0,First,#,Franklin Park and GHI,Franklin Park and GHI.UACE20,0,4;UATYPE20 "UATYPE20" true true false 5 Text 0 0,First,#,Franklin Park and GHI,Franklin Park and GHI.UATYPE20,0,4;FUNCSTAT20 "FUNCSTAT20" true true false 1 Text 0 0,First,#,Franklin Park and GHI,Franklin Park and GHI.FUNCSTAT20,0,0;ALAND20 "ALAND20" true true false 14 Double 0 14,First,#,Franklin Park and GHI,Franklin Park and GHI.ALAND20,-1,-1;AWATER20 "AWATER20" true true false 14 Double 0 14,First,#,Franklin Park and GHI,Franklin Park and GHI.AWATER20,-1,-1;INTPTLAT20 "INTPTLAT20" true true false 11 Text 0 0,First,#,Franklin Park and GHI,Franklin Park and GHI.INTPTLAT20,0,10;INTPTLON20 "INTPTLON20" true true false 12 Text 0 0,First,#,Franklin Park and GHI,Franklin Park and GHI.INTPTLON20,0,11;HOUSING20 "HOUSING20" true true false 12 Double 0 12,First,#,Franklin Park and GHI,Franklin Park and GHI.HOUSING20,-1,-1;POP20 "POP20" true true false 12 Double 0 12,First,#,Franklin Park and GHI,Franklin Park and GHI.POP20,-1,-1;OBJECTID "OBJECTID" false true false 4 Long 0 9,First,#,Franklin Park and GHI,FranklinParkandGHI2020_ExportTable.OBJECTID,-1,-1;GISJOIN "GISJOIN" true true false 8000 Text 0 0,First,#,Franklin Park and GHI,FranklinParkandGHI2020_ExportTable.GISJOIN,0,7999;YEAR "YEAR" true true false 4 Long 0 0,First,#,Franklin Park and GHI,FranklinParkandGHI2020_ExportTable.YEAR,-1,-1;STUSAB "STUSAB" true true false 8000 Text 0 0,First,#,Franklin Park and GHI,FranklinParkandGHI2020_ExportTable.STUSAB,0,7999;GEOID "GEOID" true true false 8000 Text 0 0,First,#,Franklin Park and GHI,FranklinParkandGHI2020_ExportTable.GEOID,0,7999;GEOCODE "GEOCODE" true true false 8 Double 0 0,First,#,Franklin Park and GHI,FranklinParkandGHI2020_ExportTable.GEOCODE,-1,-1;Neighborhood "Neighborhood" true true false 8000 Text 0 0,First,#,Franklin Park and GHI,FranklinParkandGHI2020_ExportTable.Neighborhood,0,7999;Total "Total" true true false 4 Long 0 0,First,#,Franklin Park and GHI,FranklinParkandGHI2020_ExportTable.Total,-1,-1;White_NH "White_NH" true true false 4 Long 0 0,First,#,Franklin Park and GHI,FranklinParkandGHI2020_ExportTable.White_NH,-1,-1;Black_NH "Black_NH" true true false 4 Long 0 0,First,#,Franklin Park and GHI,FranklinParkandGHI2020_ExportTable.Black_NH,-1,-1;AIAN_NH "AIAN_NH" true true false 4 Long 0 0,First,#,Franklin Park and GHI,FranklinParkandGHI2020_ExportTable.AIAN_NH,-1,-1;Asian_NH "Asian_NH" true true false 4 Long 0 0,First,#,Franklin Park and GHI,FranklinParkandGHI2020_ExportTable.Asian_NH,-1,-1;NHPI_NH "NHPI_NH" true true false 4 Long 0 0,First,#,Franklin Park and GHI,FranklinParkandGHI2020_ExportTable.NHPI_NH,-1,-1;Other_NH "Other_NH" true true false 4 Long 0 0,First,#,Franklin Park and GHI,FranklinParkandGHI2020_ExportTable.Other_NH,-1,-1;TwoMore_NH "TwoMore_NH" true true false 4 Long 0 0,First,#,Franklin Park and GHI,FranklinParkandGHI2020_ExportTable.TwoMore_NH,-1,-1;Hispanic_Total "Hispanic_Total" true true false 4 Long 0 0,First,#,Franklin Park and GHI,FranklinParkandGHI2020_ExportTable.Hispanic_Total,-1,-1;White_H "White_H" true true false 4 Long 0 0,First,#,Franklin Park and GHI,FranklinParkandGHI2020_ExportTable.White_H,-1,-1;Black_H "Black_H" true true false 4 Long 0 0,First,#,Franklin Park and GHI,FranklinParkandGHI2020_ExportTable.Black_H,-1,-1;AIAN_H "AIAN_H" true true false 4 Long 0 0,First,#,Franklin Park and GHI,FranklinParkandGHI2020_ExportTable.AIAN_H,-1,-1;Asian_H "Asian_H" true true false 4 Long 0 0,First,#,Franklin Park and GHI,FranklinParkandGHI2020_ExportTable.Asian_H,-1,-1;NHPI_H "NHPI_H" true true false 4 Long 0 0,First,#,Franklin Park and GHI,FranklinParkandGHI2020_ExportTable.NHPI_H,-1,-1;Other_H "Other_H" true true false 4 Long 0 0,First,#,Franklin Park and GHI,FranklinParkandGHI2020_ExportTable.Other_H,-1,-1;TwoMore_H "TwoMore_H" true true false 4 Long 0 0,First,#,Franklin Park and GHI,FranklinParkandGHI2020_ExportTable.TwoMore_H,-1,-1;Total_Pct "Total_Pct" true true false 4 Long 0 0,First,#,Franklin Park and GHI,FranklinParkandGHI2020_ExportTable.Total_Pct,-1,-1;White_NH_Pct "White_NH_Pct" true true false 8 Double 0 0,First,#,Franklin Park and GHI,FranklinParkandGHI2020_ExportTable.White_NH_Pct,-1,-1;Black_NH_Pct "Black_NH_Pct" true true false 8 Double 0 0,First,#,Franklin Park and GHI,FranklinParkandGHI2020_ExportTable.Black_NH_Pct,-1,-1;AIAN_NH_Pct "AIAN_NH_Pct" true true false 8 Double 0 0,First,#,Franklin Park and GHI,FranklinParkandGHI2020_ExportTable.AIAN_NH_Pct,-1,-1;Asian_NH_Pct "Asian_NH_Pct" true true false 8 Double 0 0,First,#,Franklin Park and GHI,FranklinParkandGHI2020_ExportTable.Asian_NH_Pct,-1,-1;NHPI_NH_Pct "NHPI_NH_Pct" true true false 8 Double 0 0,First,#,Franklin Park and GHI,FranklinParkandGHI2020_ExportTable.NHPI_NH_Pct,-1,-1;Other_NH_Pct "Other_NH_Pct" true true false 8 Double 0 0,First,#,Franklin Park and GHI,FranklinParkandGHI2020_ExportTable.Other_NH_Pct,-1,-1;TwoMore_NH_Pct "TwoMore_NH_Pct" true true false 8 Double 0 0,First,#,Franklin Park and GHI,FranklinParkandGHI2020_ExportTable.TwoMore_NH_Pct,-1,-1;Hispanic_Total_Pct "Hispanic_Total_Pct" true true false 8 Double 0 0,First,#,Franklin Park and GHI,FranklinParkandGHI2020_ExportTable.Hispanic_Total_Pct,-1,-1;White_H_Pct "White_H_Pct" true true false 8 Double 0 0,First,#,Franklin Park and GHI,FranklinParkandGHI2020_ExportTable.White_H_Pct,-1,-1;Black_H_Pct "Black_H_Pct" true true false 8 Double 0 0,First,#,Franklin Park and GHI,FranklinParkandGHI2020_ExportTable.Black_H_Pct,-1,-1;AIAN_H_Pct "AIAN_H_Pct" true true false 8 Double 0 0,First,#,Franklin Park and GHI,FranklinParkandGHI2020_ExportTable.AIAN_H_Pct,-1,-1;Asian_H_Pct "Asian_H_Pct" true true false 8 Double 0 0,First,#,Franklin Park and GHI,FranklinParkandGHI2020_ExportTable.Asian_H_Pct,-1,-1;NHPI_H_Pct "NHPI_H_Pct" true true false 8 Double 0 0,First,#,Franklin Park and GHI,FranklinParkandGHI2020_ExportTable.NHPI_H_Pct,-1,-1;Other_H_Pct "Other_H_Pct" true true false 8 Double 0 0,First,#,Franklin Park and GHI,FranklinParkandGHI2020_ExportTable.Other_H_Pct,-1,-1;TwoMore_H_Pct "TwoMore_H_Pct" true true false 8 Double 0 0,First,#,Franklin Park and GHI,FranklinParkandGHI2020_ExportTable.TwoMore_H_Pct,-1,-1;GISJOIN_TEXT "GISJOIN_TEXT" true true false 512 Text 0 0,First,#,Franklin Park and GHI,FranklinParkandGHI2020_ExportTable.GISJOIN_TEXT,0,511" #</Process><Process ToolSource="c:\program files\arcgis\pro\Resources\ArcToolbox\toolboxes\Conversion Tools.tbx\ExportFeatures" Date="20250513" Time="222140">ExportFeatures "Franklin Park and GHI_Block_2020" "C:\Users\khoad\OneDrive\Documents\ArcGIS\Projects\khoanhap\Franklin Park and GHI_Block_2020.shp" # NOT_USE_ALIAS "STATEFP20 "STATEFP20" true true false 2 Text 0 0,First,#,Franklin Park and GHI_Block_2020,STATEFP20,0,1;COUNTYFP20 "COUNTYFP20" true true false 3 Text 0 0,First,#,Franklin Park and GHI_Block_2020,COUNTYFP20,0,2;TRACTCE20 "TRACTCE20" true true false 6 Text 0 0,First,#,Franklin Park and GHI_Block_2020,TRACTCE20,0,5;BLOCKCE20 "BLOCKCE20" true true false 4 Text 0 0,First,#,Franklin Park and GHI_Block_2020,BLOCKCE20,0,3;GEOID20 "GEOID20" true true false 15 Text 0 0,First,#,Franklin Park and GHI_Block_2020,GEOID20,0,14;NAME20 "NAME20" true true false 10 Text 0 0,First,#,Franklin Park and GHI_Block_2020,NAME20,0,9;MTFCC20 "MTFCC20" true true false 5 Text 0 0,First,#,Franklin Park and GHI_Block_2020,MTFCC20,0,4;UR20 "UR20" true true false 5 Text 0 0,First,#,Franklin Park and GHI_Block_2020,UR20,0,4;UACE20 "UACE20" true true false 5 Text 0 0,First,#,Franklin Park and GHI_Block_2020,UACE20,0,4;UATYPE20 "UATYPE20" true true false 5 Text 0 0,First,#,Franklin Park and GHI_Block_2020,UATYPE20,0,4;FUNCSTAT20 "FUNCSTAT20" true true false 1 Text 0 0,First,#,Franklin Park and GHI_Block_2020,FUNCSTAT20,0,0;ALAND20 "ALAND20" true true false 8 Double 0 0,First,#,Franklin Park and GHI_Block_2020,ALAND20,-1,-1;AWATER20 "AWATER20" true true false 8 Double 0 0,First,#,Franklin Park and GHI_Block_2020,AWATER20,-1,-1;INTPTLAT20 "INTPTLAT20" true true false 11 Text 0 0,First,#,Franklin Park and GHI_Block_2020,INTPTLAT20,0,10;INTPTLON20 "INTPTLON20" true true false 12 Text 0 0,First,#,Franklin Park and GHI_Block_2020,INTPTLON20,0,11;HOUSING20 "HOUSING20" true true false 8 Double 0 0,First,#,Franklin Park and GHI_Block_2020,HOUSING20,-1,-1;POP20 "POP20" true true false 8 Double 0 0,First,#,Franklin Park and GHI_Block_2020,POP20,-1,-1;OBJECTID_1 "OBJECTID" true true false 4 Long 0 0,First,#,Franklin Park and GHI_Block_2020,OBJECTID_1,-1,-1;GISJOIN "GISJOIN" true true false 8000 Text 0 0,First,#,Franklin Park and GHI_Block_2020,GISJOIN,0,7999;YEAR "YEAR" true true false 4 Long 0 0,First,#,Franklin Park and GHI_Block_2020,YEAR,-1,-1;STUSAB "STUSAB" true true false 8000 Text 0 0,First,#,Franklin Park and GHI_Block_2020,STUSAB,0,7999;GEOID "GEOID" true true false 8000 Text 0 0,First,#,Franklin Park and GHI_Block_2020,GEOID,0,7999;GEOCODE "GEOCODE" true true false 8 Double 0 0,First,#,Franklin Park and GHI_Block_2020,GEOCODE,-1,-1;Neighborhood "Neighborhood" true true false 8000 Text 0 0,First,#,Franklin Park and GHI_Block_2020,Neighborhood,0,7999;Total "Total" true true false 4 Long 0 0,First,#,Franklin Park and GHI_Block_2020,Total,-1,-1;White_NH "White_NH" true true false 4 Long 0 0,First,#,Franklin Park and GHI_Block_2020,White_NH,-1,-1;Black_NH "Black_NH" true true false 4 Long 0 0,First,#,Franklin Park and GHI_Block_2020,Black_NH,-1,-1;AIAN_NH "AIAN_NH" true true false 4 Long 0 0,First,#,Franklin Park and GHI_Block_2020,AIAN_NH,-1,-1;Asian_NH "Asian_NH" true true false 4 Long 0 0,First,#,Franklin Park and GHI_Block_2020,Asian_NH,-1,-1;NHPI_NH "NHPI_NH" true true false 4 Long 0 0,First,#,Franklin Park and GHI_Block_2020,NHPI_NH,-1,-1;Other_NH "Other_NH" true true false 4 Long 0 0,First,#,Franklin Park and GHI_Block_2020,Other_NH,-1,-1;TwoMore_NH "TwoMore_NH" true true false 4 Long 0 0,First,#,Franklin Park and GHI_Block_2020,TwoMore_NH,-1,-1;Hispanic_Total "Hispanic_Total" true true false 4 Long 0 0,First,#,Franklin Park and GHI_Block_2020,Hispanic_Total,-1,-1;White_H "White_H" true true false 4 Long 0 0,First,#,Franklin Park and GHI_Block_2020,White_H,-1,-1;Black_H "Black_H" true true false 4 Long 0 0,First,#,Franklin Park and GHI_Block_2020,Black_H,-1,-1;AIAN_H "AIAN_H" true true false 4 Long 0 0,First,#,Franklin Park and GHI_Block_2020,AIAN_H,-1,-1;Asian_H "Asian_H" true true false 4 Long 0 0,First,#,Franklin Park and GHI_Block_2020,Asian_H,-1,-1;NHPI_H "NHPI_H" true true false 4 Long 0 0,First,#,Franklin Park and GHI_Block_2020,NHPI_H,-1,-1;Other_H "Other_H" true true false 4 Long 0 0,First,#,Franklin Park and GHI_Block_2020,Other_H,-1,-1;TwoMore_H "TwoMore_H" true true false 4 Long 0 0,First,#,Franklin Park and GHI_Block_2020,TwoMore_H,-1,-1;Total_Pct "Total_Pct" true true false 4 Long 0 0,First,#,Franklin Park and GHI_Block_2020,Total_Pct,-1,-1;White_NH_Pct "White_NH_Pct" true true false 8 Double 0 0,First,#,Franklin Park and GHI_Block_2020,White_NH_Pct,-1,-1;Black_NH_Pct "Black_NH_Pct" true true false 8 Double 0 0,First,#,Franklin Park and GHI_Block_2020,Black_NH_Pct,-1,-1;AIAN_NH_Pct "AIAN_NH_Pct" true true false 8 Double 0 0,First,#,Franklin Park and GHI_Block_2020,AIAN_NH_Pct,-1,-1;Asian_NH_Pct "Asian_NH_Pct" true true false 8 Double 0 0,First,#,Franklin Park and GHI_Block_2020,Asian_NH_Pct,-1,-1;NHPI_NH_Pct "NHPI_NH_Pct" true true false 8 Double 0 0,First,#,Franklin Park and GHI_Block_2020,NHPI_NH_Pct,-1,-1;Other_NH_Pct "Other_NH_Pct" true true false 8 Double 0 0,First,#,Franklin Park and GHI_Block_2020,Other_NH_Pct,-1,-1;TwoMore_NH_Pct "TwoMore_NH_Pct" true true false 8 Double 0 0,First,#,Franklin Park and GHI_Block_2020,TwoMore_NH_Pct,-1,-1;Hispanic_Total_Pct "Hispanic_Total_Pct" true true false 8 Double 0 0,First,#,Franklin Park and GHI_Block_2020,Hispanic_Total_Pct,-1,-1;White_H_Pct "White_H_Pct" true true false 8 Double 0 0,First,#,Franklin Park and GHI_Block_2020,White_H_Pct,-1,-1;Black_H_Pct "Black_H_Pct" true true false 8 Double 0 0,First,#,Franklin Park and GHI_Block_2020,Black_H_Pct,-1,-1;AIAN_H_Pct "AIAN_H_Pct" true true false 8 Double 0 0,First,#,Franklin Park and GHI_Block_2020,AIAN_H_Pct,-1,-1;Asian_H_Pct "Asian_H_Pct" true true false 8 Double 0 0,First,#,Franklin Park and GHI_Block_2020,Asian_H_Pct,-1,-1;NHPI_H_Pct "NHPI_H_Pct" true true false 8 Double 0 0,First,#,Franklin Park and GHI_Block_2020,NHPI_H_Pct,-1,-1;Other_H_Pct "Other_H_Pct" true true false 8 Double 0 0,First,#,Franklin Park and GHI_Block_2020,Other_H_Pct,-1,-1;TwoMore_H_Pct "TwoMore_H_Pct" true true false 8 Double 0 0,First,#,Franklin Park and GHI_Block_2020,TwoMore_H_Pct,-1,-1;GISJOIN_TEXT "GISJOIN_TEXT" true true false 512 Text 0 0,First,#,Franklin Park and GHI_Block_2020,GISJOIN_TEXT,0,511;Shape_Length "Shape_Length" false true true 8 Double 0 0,First,#,Franklin Park and GHI_Block_2020,Shape_Length,-1,-1;Shape_Area "Shape_Area" false true true 8 Double 0 0,First,#,Franklin Park and GHI_Block_2020,Shape_Area,-1,-1" #</Process></lineage></DataProperties><SyncDate>20250513</SyncDate><SyncTime>22214000</SyncTime><ModDate>20250513</ModDate><ModTime>22214000</ModTime></Esri><dataIdInfo><envirDesc Sync="TRUE">Microsoft Windows 10 Version 10.0 (Build 26100) ; Esri ArcGIS 13.4.0.55405</envirDesc><dataLang><languageCode value="eng" Sync="TRUE"></languageCode><countryCode value="USA" Sync="TRUE"></countryCode></dataLang><idCitation><resTitle Sync="TRUE">Franklin Park and GHI_Block_2020</resTitle><presForm><PresFormCd value="005" Sync="TRUE"></PresFormCd></presForm></idCitation><spatRpType><SpatRepTypCd value="001" Sync="TRUE"></SpatRepTypCd></spatRpType></dataIdInfo><mdLang><languageCode value="eng" Sync="TRUE"></languageCode><countryCode value="USA" Sync="TRUE"></countryCode></mdLang><mdChar><CharSetCd value="004" Sync="TRUE"></CharSetCd></mdChar><distInfo><distFormat><formatName Sync="TRUE">Shapefile</formatName></distFormat><distTranOps><transSize Sync="TRUE">0.000</transSize></distTranOps></distInfo><mdHrLv><ScopeCd value="005" Sync="TRUE"></ScopeCd></mdHrLv><mdHrLvName Sync="TRUE">dataset</mdHrLvName><refSysInfo><RefSystem><refSysID><identCode code="4269" Sync="TRUE"></identCode><idCodeSpace Sync="TRUE">EPSG</idCodeSpace><idVersion Sync="TRUE">6.5(3.0.1)</idVersion></refSysID></RefSystem></refSysInfo><spatRepInfo><VectSpatRep><geometObjs Name="Franklin Park and GHI_Block_2020"><geoObjTyp><GeoObjTypCd value="002" Sync="TRUE"></GeoObjTypCd></geoObjTyp><geoObjCnt Sync="TRUE">0</geoObjCnt></geometObjs><topLvl><TopoLevCd value="001" Sync="TRUE"></TopoLevCd></topLvl></VectSpatRep></spatRepInfo><spdoinfo><ptvctinf><esriterm Name="Franklin Park and GHI_Block_2020"><efeatyp Sync="TRUE">Simple</efeatyp><efeageom code="4" Sync="TRUE"></efeageom><esritopo Sync="TRUE">FALSE</esritopo><efeacnt Sync="TRUE">0</efeacnt><spindex Sync="TRUE">FALSE</spindex><linrefer Sync="TRUE">FALSE</linrefer></esriterm></ptvctinf></spdoinfo><eainfo><detailed Name="Franklin Park and GHI_Block_2020"><enttyp><enttypl Sync="TRUE">Franklin Park and GHI_Block_2020</enttypl><enttypt Sync="TRUE">Feature Class</enttypt><enttypc Sync="TRUE">0</enttypc></enttyp><attr><attrlabl Sync="TRUE">FID</attrlabl><attalias Sync="TRUE">FID</attalias><attrtype Sync="TRUE">OID</attrtype><attwidth Sync="TRUE">4</attwidth><atprecis Sync="TRUE">0</atprecis><attscale Sync="TRUE">0</attscale><attrdef Sync="TRUE">Internal feature number.</attrdef><attrdefs Sync="TRUE">Esri</attrdefs><attrdomv><udom Sync="TRUE">Sequential unique whole numbers that are automatically generated.</udom></attrdomv></attr><attr><attrlabl Sync="TRUE">Shape</attrlabl><attalias Sync="TRUE">Shape</attalias><attrtype Sync="TRUE">Geometry</attrtype><attwidth Sync="TRUE">0</attwidth><atprecis Sync="TRUE">0</atprecis><attscale Sync="TRUE">0</attscale><attrdef Sync="TRUE">Feature geometry.</attrdef><attrdefs Sync="TRUE">Esri</attrdefs><attrdomv><udom Sync="TRUE">Coordinates defining the features.</udom></attrdomv></attr><attr><attrlabl Sync="TRUE">STATEFP20</attrlabl><attalias Sync="TRUE">STATEFP20</attalias><attrtype Sync="TRUE">String</attrtype><attwidth Sync="TRUE">2</attwidth><atprecis Sync="TRUE">0</atprecis><attscale Sync="TRUE">0</attscale></attr><attr><attrlabl Sync="TRUE">COUNTYFP20</attrlabl><attalias Sync="TRUE">COUNTYFP20</attalias><attrtype Sync="TRUE">String</attrtype><attwidth Sync="TRUE">3</attwidth><atprecis Sync="TRUE">0</atprecis><attscale Sync="TRUE">0</attscale></attr><attr><attrlabl Sync="TRUE">TRACTCE20</attrlabl><attalias Sync="TRUE">TRACTCE20</attalias><attrtype Sync="TRUE">String</attrtype><attwidth Sync="TRUE">6</attwidth><atprecis Sync="TRUE">0</atprecis><attscale Sync="TRUE">0</attscale></attr><attr><attrlabl Sync="TRUE">BLOCKCE20</attrlabl><attalias Sync="TRUE">BLOCKCE20</attalias><attrtype Sync="TRUE">String</attrtype><attwidth Sync="TRUE">4</attwidth><atprecis Sync="TRUE">0</atprecis><attscale Sync="TRUE">0</attscale></attr><attr><attrlabl Sync="TRUE">GEOID20</attrlabl><attalias Sync="TRUE">GEOID20</attalias><attrtype Sync="TRUE">String</attrtype><attwidth Sync="TRUE">15</attwidth><atprecis Sync="TRUE">0</atprecis><attscale Sync="TRUE">0</attscale></attr><attr><attrlabl Sync="TRUE">NAME20</attrlabl><attalias Sync="TRUE">NAME20</attalias><attrtype Sync="TRUE">String</attrtype><attwidth Sync="TRUE">10</attwidth><atprecis Sync="TRUE">0</atprecis><attscale Sync="TRUE">0</attscale></attr><attr><attrlabl Sync="TRUE">MTFCC20</attrlabl><attalias Sync="TRUE">MTFCC20</attalias><attrtype Sync="TRUE">String</attrtype><attwidth Sync="TRUE">5</attwidth><atprecis Sync="TRUE">0</atprecis><attscale Sync="TRUE">0</attscale></attr><attr><attrlabl Sync="TRUE">UR20</attrlabl><attalias Sync="TRUE">UR20</attalias><attrtype Sync="TRUE">String</attrtype><attwidth Sync="TRUE">5</attwidth><atprecis Sync="TRUE">0</atprecis><attscale Sync="TRUE">0</attscale></attr><attr><attrlabl Sync="TRUE">UACE20</attrlabl><attalias Sync="TRUE">UACE20</attalias><attrtype Sync="TRUE">String</attrtype><attwidth Sync="TRUE">5</attwidth><atprecis Sync="TRUE">0</atprecis><attscale Sync="TRUE">0</attscale></attr><attr><attrlabl Sync="TRUE">UATYPE20</attrlabl><attalias Sync="TRUE">UATYPE20</attalias><attrtype Sync="TRUE">String</attrtype><attwidth Sync="TRUE">5</attwidth><atprecis Sync="TRUE">0</atprecis><attscale Sync="TRUE">0</attscale></attr><attr><attrlabl Sync="TRUE">FUNCSTAT20</attrlabl><attalias Sync="TRUE">FUNCSTAT20</attalias><attrtype Sync="TRUE">String</attrtype><attwidth Sync="TRUE">1</attwidth><atprecis Sync="TRUE">0</atprecis><attscale Sync="TRUE">0</attscale></attr><attr><attrlabl Sync="TRUE">ALAND20</attrlabl><attalias Sync="TRUE">ALAND20</attalias><attrtype Sync="TRUE">Double</attrtype><attwidth Sync="TRUE">19</attwidth><atprecis Sync="TRUE">0</atprecis><attscale Sync="TRUE">0</attscale></attr><attr><attrlabl Sync="TRUE">AWATER20</attrlabl><attalias Sync="TRUE">AWATER20</attalias><attrtype Sync="TRUE">Double</attrtype><attwidth Sync="TRUE">19</attwidth><atprecis Sync="TRUE">0</atprecis><attscale Sync="TRUE">0</attscale></attr><attr><attrlabl Sync="TRUE">INTPTLAT20</attrlabl><attalias Sync="TRUE">INTPTLAT20</attalias><attrtype Sync="TRUE">String</attrtype><attwidth Sync="TRUE">11</attwidth><atprecis Sync="TRUE">0</atprecis><attscale Sync="TRUE">0</attscale></attr><attr><attrlabl Sync="TRUE">INTPTLON20</attrlabl><attalias Sync="TRUE">INTPTLON20</attalias><attrtype Sync="TRUE">String</attrtype><attwidth Sync="TRUE">12</attwidth><atprecis Sync="TRUE">0</atprecis><attscale Sync="TRUE">0</attscale></attr><attr><attrlabl Sync="TRUE">HOUSING20</attrlabl><attalias Sync="TRUE">HOUSING20</attalias><attrtype Sync="TRUE">Double</attrtype><attwidth Sync="TRUE">19</attwidth><atprecis Sync="TRUE">0</atprecis><attscale Sync="TRUE">0</attscale></attr><attr><attrlabl Sync="TRUE">POP20</attrlabl><attalias Sync="TRUE">POP20</attalias><attrtype Sync="TRUE">Double</attrtype><attwidth Sync="TRUE">19</attwidth><atprecis Sync="TRUE">0</atprecis><attscale Sync="TRUE">0</attscale></attr><attr><attrlabl Sync="TRUE">OBJECTID_1</attrlabl><attalias Sync="TRUE">OBJECTID_1</attalias><attrtype Sync="TRUE">Integer</attrtype><attwidth Sync="TRUE">10</attwidth><atprecis Sync="TRUE">10</atprecis><attscale Sync="TRUE">0</attscale></attr><attr><attrlabl Sync="TRUE">GISJOIN</attrlabl><attalias Sync="TRUE">GISJOIN</attalias><attrtype Sync="TRUE">String</attrtype><attwidth Sync="TRUE">254</attwidth><atprecis Sync="TRUE">0</atprecis><attscale Sync="TRUE">0</attscale></attr><attr><attrlabl Sync="TRUE">YEAR</attrlabl><attalias Sync="TRUE">YEAR</attalias><attrtype Sync="TRUE">Integer</attrtype><attwidth Sync="TRUE">10</attwidth><atprecis Sync="TRUE">10</atprecis><attscale Sync="TRUE">0</attscale></attr><attr><attrlabl Sync="TRUE">STUSAB</attrlabl><attalias Sync="TRUE">STUSAB</attalias><attrtype Sync="TRUE">String</attrtype><attwidth Sync="TRUE">254</attwidth><atprecis Sync="TRUE">0</atprecis><attscale Sync="TRUE">0</attscale></attr><attr><attrlabl Sync="TRUE">GEOID</attrlabl><attalias Sync="TRUE">GEOID</attalias><attrtype Sync="TRUE">String</attrtype><attwidth Sync="TRUE">254</attwidth><atprecis Sync="TRUE">0</atprecis><attscale Sync="TRUE">0</attscale></attr><attr><attrlabl Sync="TRUE">GEOCODE</attrlabl><attalias Sync="TRUE">GEOCODE</attalias><attrtype Sync="TRUE">Double</attrtype><attwidth Sync="TRUE">19</attwidth><atprecis Sync="TRUE">0</atprecis><attscale Sync="TRUE">0</attscale></attr><attr><attrlabl Sync="TRUE">Neighborho</attrlabl><attalias Sync="TRUE">Neighborho</attalias><attrtype Sync="TRUE">String</attrtype><attwidth Sync="TRUE">254</attwidth><atprecis Sync="TRUE">0</atprecis><attscale Sync="TRUE">0</attscale></attr><attr><attrlabl Sync="TRUE">Total</attrlabl><attalias Sync="TRUE">Total</attalias><attrtype Sync="TRUE">Integer</attrtype><attwidth Sync="TRUE">10</attwidth><atprecis Sync="TRUE">10</atprecis><attscale Sync="TRUE">0</attscale></attr><attr><attrlabl Sync="TRUE">White_NH</attrlabl><attalias Sync="TRUE">White_NH</attalias><attrtype Sync="TRUE">Integer</attrtype><attwidth Sync="TRUE">10</attwidth><atprecis Sync="TRUE">10</atprecis><attscale Sync="TRUE">0</attscale></attr><attr><attrlabl Sync="TRUE">Black_NH</attrlabl><attalias Sync="TRUE">Black_NH</attalias><attrtype Sync="TRUE">Integer</attrtype><attwidth Sync="TRUE">10</attwidth><atprecis Sync="TRUE">10</atprecis><attscale Sync="TRUE">0</attscale></attr><attr><attrlabl Sync="TRUE">AIAN_NH</attrlabl><attalias Sync="TRUE">AIAN_NH</attalias><attrtype Sync="TRUE">Integer</attrtype><attwidth Sync="TRUE">10</attwidth><atprecis Sync="TRUE">10</atprecis><attscale Sync="TRUE">0</attscale></attr><attr><attrlabl Sync="TRUE">Asian_NH</attrlabl><attalias Sync="TRUE">Asian_NH</attalias><attrtype Sync="TRUE">Integer</attrtype><attwidth Sync="TRUE">10</attwidth><atprecis Sync="TRUE">10</atprecis><attscale Sync="TRUE">0</attscale></attr><attr><attrlabl Sync="TRUE">NHPI_NH</attrlabl><attalias Sync="TRUE">NHPI_NH</attalias><attrtype Sync="TRUE">Integer</attrtype><attwidth Sync="TRUE">10</attwidth><atprecis Sync="TRUE">10</atprecis><attscale Sync="TRUE">0</attscale></attr><attr><attrlabl Sync="TRUE">Other_NH</attrlabl><attalias Sync="TRUE">Other_NH</attalias><attrtype Sync="TRUE">Integer</attrtype><attwidth Sync="TRUE">10</attwidth><atprecis Sync="TRUE">10</atprecis><attscale Sync="TRUE">0</attscale></attr><attr><attrlabl Sync="TRUE">TwoMore_NH</attrlabl><attalias Sync="TRUE">TwoMore_NH</attalias><attrtype Sync="TRUE">Integer</attrtype><attwidth Sync="TRUE">10</attwidth><atprecis Sync="TRUE">10</atprecis><attscale Sync="TRUE">0</attscale></attr><attr><attrlabl Sync="TRUE">Hispanic_T</attrlabl><attalias Sync="TRUE">Hispanic_T</attalias><attrtype Sync="TRUE">Integer</attrtype><attwidth Sync="TRUE">10</attwidth><atprecis Sync="TRUE">10</atprecis><attscale Sync="TRUE">0</attscale></attr><attr><attrlabl Sync="TRUE">White_H</attrlabl><attalias Sync="TRUE">White_H</attalias><attrtype Sync="TRUE">Integer</attrtype><attwidth Sync="TRUE">10</attwidth><atprecis Sync="TRUE">10</atprecis><attscale Sync="TRUE">0</attscale></attr><attr><attrlabl Sync="TRUE">Black_H</attrlabl><attalias Sync="TRUE">Black_H</attalias><attrtype Sync="TRUE">Integer</attrtype><attwidth Sync="TRUE">10</attwidth><atprecis Sync="TRUE">10</atprecis><attscale Sync="TRUE">0</attscale></attr><attr><attrlabl Sync="TRUE">AIAN_H</attrlabl><attalias Sync="TRUE">AIAN_H</attalias><attrtype Sync="TRUE">Integer</attrtype><attwidth Sync="TRUE">10</attwidth><atprecis Sync="TRUE">10</atprecis><attscale Sync="TRUE">0</attscale></attr><attr><attrlabl Sync="TRUE">Asian_H</attrlabl><attalias Sync="TRUE">Asian_H</attalias><attrtype Sync="TRUE">Integer</attrtype><attwidth Sync="TRUE">10</attwidth><atprecis Sync="TRUE">10</atprecis><attscale Sync="TRUE">0</attscale></attr><attr><attrlabl Sync="TRUE">NHPI_H</attrlabl><attalias Sync="TRUE">NHPI_H</attalias><attrtype Sync="TRUE">Integer</attrtype><attwidth Sync="TRUE">10</attwidth><atprecis Sync="TRUE">10</atprecis><attscale Sync="TRUE">0</attscale></attr><attr><attrlabl Sync="TRUE">Other_H</attrlabl><attalias Sync="TRUE">Other_H</attalias><attrtype Sync="TRUE">Integer</attrtype><attwidth Sync="TRUE">10</attwidth><atprecis Sync="TRUE">10</atprecis><attscale Sync="TRUE">0</attscale></attr><attr><attrlabl Sync="TRUE">TwoMore_H</attrlabl><attalias Sync="TRUE">TwoMore_H</attalias><attrtype Sync="TRUE">Integer</attrtype><attwidth Sync="TRUE">10</attwidth><atprecis Sync="TRUE">10</atprecis><attscale Sync="TRUE">0</attscale></attr><attr><attrlabl Sync="TRUE">Total_Pct</attrlabl><attalias Sync="TRUE">Total_Pct</attalias><attrtype Sync="TRUE">Integer</attrtype><attwidth Sync="TRUE">10</attwidth><atprecis Sync="TRUE">10</atprecis><attscale Sync="TRUE">0</attscale></attr><attr><attrlabl Sync="TRUE">White_NH_P</attrlabl><attalias Sync="TRUE">White_NH_P</attalias><attrtype Sync="TRUE">Double</attrtype><attwidth Sync="TRUE">19</attwidth><atprecis Sync="TRUE">0</atprecis><attscale Sync="TRUE">0</attscale></attr><attr><attrlabl Sync="TRUE">Black_NH_P</attrlabl><attalias Sync="TRUE">Black_NH_P</attalias><attrtype Sync="TRUE">Double</attrtype><attwidth Sync="TRUE">19</attwidth><atprecis Sync="TRUE">0</atprecis><attscale Sync="TRUE">0</attscale></attr><attr><attrlabl Sync="TRUE">AIAN_NH_Pc</attrlabl><attalias Sync="TRUE">AIAN_NH_Pc</attalias><attrtype Sync="TRUE">Double</attrtype><attwidth Sync="TRUE">19</attwidth><atprecis Sync="TRUE">0</atprecis><attscale Sync="TRUE">0</attscale></attr><attr><attrlabl Sync="TRUE">Asian_NH_P</attrlabl><attalias Sync="TRUE">Asian_NH_P</attalias><attrtype Sync="TRUE">Double</attrtype><attwidth Sync="TRUE">19</attwidth><atprecis Sync="TRUE">0</atprecis><attscale Sync="TRUE">0</attscale></attr><attr><attrlabl Sync="TRUE">NHPI_NH_Pc</attrlabl><attalias Sync="TRUE">NHPI_NH_Pc</attalias><attrtype Sync="TRUE">Double</attrtype><attwidth Sync="TRUE">19</attwidth><atprecis Sync="TRUE">0</atprecis><attscale Sync="TRUE">0</attscale></attr><attr><attrlabl Sync="TRUE">Other_NH_P</attrlabl><attalias Sync="TRUE">Other_NH_P</attalias><attrtype Sync="TRUE">Double</attrtype><attwidth Sync="TRUE">19</attwidth><atprecis Sync="TRUE">0</atprecis><attscale Sync="TRUE">0</attscale></attr><attr><attrlabl Sync="TRUE">TwoMore__1</attrlabl><attalias Sync="TRUE">TwoMore__1</attalias><attrtype Sync="TRUE">Double</attrtype><attwidth Sync="TRUE">19</attwidth><atprecis Sync="TRUE">0</atprecis><attscale Sync="TRUE">0</attscale></attr><attr><attrlabl Sync="TRUE">Hispanic_1</attrlabl><attalias Sync="TRUE">Hispanic_1</attalias><attrtype Sync="TRUE">Double</attrtype><attwidth Sync="TRUE">19</attwidth><atprecis Sync="TRUE">0</atprecis><attscale Sync="TRUE">0</attscale></attr><attr><attrlabl Sync="TRUE">White_H_Pc</attrlabl><attalias Sync="TRUE">White_H_Pc</attalias><attrtype Sync="TRUE">Double</attrtype><attwidth Sync="TRUE">19</attwidth><atprecis Sync="TRUE">0</atprecis><attscale Sync="TRUE">0</attscale></attr><attr><attrlabl Sync="TRUE">Black_H_Pc</attrlabl><attalias Sync="TRUE">Black_H_Pc</attalias><attrtype Sync="TRUE">Double</attrtype><attwidth Sync="TRUE">19</attwidth><atprecis Sync="TRUE">0</atprecis><attscale Sync="TRUE">0</attscale></attr><attr><attrlabl Sync="TRUE">AIAN_H_Pct</attrlabl><attalias Sync="TRUE">AIAN_H_Pct</attalias><attrtype Sync="TRUE">Double</attrtype><attwidth Sync="TRUE">19</attwidth><atprecis Sync="TRUE">0</atprecis><attscale Sync="TRUE">0</attscale></attr><attr><attrlabl Sync="TRUE">Asian_H_Pc</attrlabl><attalias Sync="TRUE">Asian_H_Pc</attalias><attrtype Sync="TRUE">Double</attrtype><attwidth Sync="TRUE">19</attwidth><atprecis Sync="TRUE">0</atprecis><attscale Sync="TRUE">0</attscale></attr><attr><attrlabl Sync="TRUE">NHPI_H_Pct</attrlabl><attalias Sync="TRUE">NHPI_H_Pct</attalias><attrtype Sync="TRUE">Double</attrtype><attwidth Sync="TRUE">19</attwidth><atprecis Sync="TRUE">0</atprecis><attscale Sync="TRUE">0</attscale></attr><attr><attrlabl Sync="TRUE">Other_H_Pc</attrlabl><attalias Sync="TRUE">Other_H_Pc</attalias><attrtype Sync="TRUE">Double</attrtype><attwidth Sync="TRUE">19</attwidth><atprecis Sync="TRUE">0</atprecis><attscale Sync="TRUE">0</attscale></attr><attr><attrlabl Sync="TRUE">TwoMore_H_</attrlabl><attalias Sync="TRUE">TwoMore_H_</attalias><attrtype Sync="TRUE">Double</attrtype><attwidth Sync="TRUE">19</attwidth><atprecis Sync="TRUE">0</atprecis><attscale Sync="TRUE">0</attscale></attr><attr><attrlabl Sync="TRUE">GISJOIN_TE</attrlabl><attalias Sync="TRUE">GISJOIN_TE</attalias><attrtype Sync="TRUE">String</attrtype><attwidth Sync="TRUE">254</attwidth><atprecis Sync="TRUE">0</atprecis><attscale Sync="TRUE">0</attscale></attr><attr><attrlabl Sync="TRUE">Shape_Leng</attrlabl><attalias Sync="TRUE">Shape_Leng</attalias><attrtype Sync="TRUE">Double</attrtype><attwidth Sync="TRUE">19</attwidth><atprecis Sync="TRUE">0</atprecis><attscale Sync="TRUE">0</attscale></attr><attr><attrlabl Sync="TRUE">Shape_Area</attrlabl><attalias Sync="TRUE">Shape_Area</attalias><attrtype Sync="TRUE">Double</attrtype><attwidth Sync="TRUE">19</attwidth><atprecis Sync="TRUE">0</atprecis><attscale Sync="TRUE">0</attscale><attrdef Sync="TRUE">Area of feature in internal units squared.</attrdef><attrdefs Sync="TRUE">Esri</attrdefs><attrdomv><udom Sync="TRUE">Positive real numbers that are automatically generated.</udom></attrdomv></attr></detailed></eainfo><mdDateSt Sync="TRUE">20250513</mdDateSt></metadata>
